timestamp,channel_1,channel_2,channel_3,channel_4,channel_5,channel_6,channel_7,channel_8,channel_9,channel_10,channel_11,channel_12,channel_13,channel_14
1752270601590,2203.0769230769233,5168.333333333334,5921.410256410257,3698.461538461539,5740.769230769231,1607.6923076923078,1605.769230769231,2258.717948717949
1752270601597,695.1282051282052,2091.538461538462,5126.666666666667,7226.538461538463,6819.615384615386,6622.179487179488,1028.0769230769233,5541.666666666667
1752270601600,2427.1794871794873,4007.435897435898,7271.282051282053,5903.589743589744,7910.000000000001,6000.769230769231,7334.487179487181,6522.435897435898
1752270601603,3188.2051282051284,7610.8974358974365,2306.794871794872,125.3846153846154,4451.153846153847,8305.384615384617,5324.871794871796,554.7435897435898
1752270601608,2532.9487179487182,5022.179487179488,6684.102564102565,6628.717948717949,2468.8461538461543,2914.2307692307695,7234.615384615386,7598.076923076924
1752270601611,7846.794871794873,3268.589743589744,7976.153846153848,338.58974358974365,363.4615384615385,3342.307692307693,369.48717948717956,7528.205128205129
1752270601615,5998.461538461539,6354.487179487181,2784.8717948717954,3525.512820512821,6635.384615384616,2716.0256410256416,2202.564102564103,3456.2820512820517
1752270601619,6739.3589743589755,4945.384615384616,272.43589743589746,6372.179487179488,3061.1538461538466,5588.589743589744,704.3589743589745,6537.948717948719
1752270601622,7116.153846153847,3225.512820512821,1702.6923076923078,5902.435897435898,2749.2307692307695,7171.153846153847,5455.8974358974365,5287.179487179488
1752270601625,1001.923076923077,3041.666666666667,5026.153846153847,6101.153846153847,6264.487179487181,1295.5128205128208,6259.743589743591,3449.2307692307695
1752270601633,139.35897435897436,550.2564102564103,2081.666666666667,811.5384615384617,284.8717948717949,244.8717948717949,7599.3589743589755,3045.512820512821
1752270601637,231.41025641025644,7031.282051282052,7902.307692307693,317.5641025641026,3380.8974358974365,3498.9743589743593,3830.7692307692314,3915.3846153846157
1752270601641,1300.5128205128208,5566.153846153847,7563.333333333334,3128.333333333334,3801.7948717948725,6131.025641025642,5413.589743589744,1235.0000000000002
1752270601645,3958.8461538461543,7184.3589743589755,635.3846153846155,2608.717948717949,4941.538461538462,1194.871794871795,5226.282051282052,576.1538461538462
1752270601661,4713.589743589744,6414.615384615386,4202.435897435898,3219.3589743589746,533.7179487179487,6939.487179487181,8150.128205128206,1176.4102564102566
1752270601664,6563.205128205129,6706.666666666668,4522.6923076923085,8144.871794871796,4920.384615384616,4947.051282051283,6613.97435897436,6406.410256410257
1752270601713,7322.179487179488,8364.871794871797,3511.1538461538466,3044.2307692307695,1825.769230769231,6079.3589743589755,6111.282051282052,3387.435897435898
1752270601723,4734.48717948718,5985.256410256411,6720.641025641026,4384.48717948718,563.3333333333334,2925.512820512821,3092.435897435898,2115.3846153846157
1752270601730,2544.3589743589746,3311.0256410256416,3934.358974358975,7644.871794871796,2559.8717948717954,1942.9487179487182,4992.435897435898,6706.923076923078
1752270601752,459.6153846153847,2693.2051282051284,2943.8461538461543,5649.102564102564,4788.717948717949,3318.2051282051284,1459.3589743589746,3412.435897435898
1752270601757,587.6923076923077,6826.666666666668,863.3333333333335,6695.000000000001,8030.000000000001,3463.589743589744,3106.1538461538466,1832.8205128205132
1752270601761,4862.051282051283,6288.333333333334,1994.2307692307695,3427.9487179487182,5062.948717948719,5595.384615384616,6482.307692307693,4717.051282051282
1752270601795,6317.307692307693,6792.179487179488,596.6666666666667,3917.820512820513,6597.307692307693,5140.384615384616,6624.871794871796,3420.512820512821
1752270601804,3688.589743589744,3824.615384615385,2758.8461538461543,5474.487179487181,6236.666666666668,1340.1282051282053,3747.564102564103,4356.923076923077
1752270601811,4066.410256410257,938.5897435897438,6821.538461538463,2738.2051282051284,6895.641025641026,4090.1282051282055,2240.1282051282055,260.2564102564103
1752270601844,851.6666666666667,3123.717948717949,5137.948717948719,3497.692307692308,62.948717948717956,7300.256410256411,5045.512820512821,399.10256410256414
1752270601852,6503.846153846154,7219.3589743589755,2360.1282051282055,3185.641025641026,4097.051282051282,5334.743589743591,3247.1794871794878,7328.97435897436
1752270601857,5787.307692307693,2500.897435897436,3784.1025641025644,218.33333333333337,4053.717948717949,4189.2307692307695,4712.564102564103,1330.769230769231
1752270601886,6025.769230769231,2603.717948717949,8096.0256410256425,5910.769230769231,4562.948717948719,6095.384615384616,781.0256410256411,2591.1538461538466
1752270601891,8368.71794871795,5065.641025641026,1225.3846153846155,2304.2307692307695,6775.000000000001,8392.820512820514,7632.820512820514,5183.205128205129
1752270601932,449.6153846153847,4722.564102564103,1797.3076923076926,6718.076923076924,2008.2051282051284,6655.384615384616,1161.9230769230771,8191.153846153848
1752270601938,5018.846153846154,1712.1794871794873,805.3846153846155,6326.025641025642,5219.102564102564,4531.538461538462,3864.8717948717954,4932.179487179488
1752270601944,8251.025641025642,742.3076923076924,6333.205128205129,4062.0512820512827,3101.2820512820517,2394.2307692307695,6229.102564102565,1966.2820512820515
1752270601973,7455.8974358974365,4209.358974358975,7217.307692307693,3879.7435897435903,1020.5128205128207,2294.6153846153848,641.4102564102565,4637.948717948719
1752270601976,4650.769230769231,4403.076923076924,2803.9743589743593,4080.0000000000005,8382.692307692309,4827.051282051282,1230.5128205128208,8146.153846153848
1752270601979,2646.794871794872,1406.9230769230771,1081.2820512820515,4922.435897435898,7259.743589743591,6887.820512820514,2164.1025641025644,1780.897435897436
1752270602018,3337.435897435898,632.6923076923077,3901.410256410257,831.5384615384617,8287.564102564103,4013.717948717949,6440.384615384616,4088.717948717949
1752270602020,3468.717948717949,2510.3846153846157,7108.846153846155,6073.974358974359,1994.1025641025644,3120.769230769231,3208.8461538461543,622.0512820512821
1752270602023,4113.461538461539,7850.8974358974365,2540.769230769231,1188.717948717949,441.0256410256411,6741.923076923078,5159.487179487181,2480.512820512821
1752270602063,270.76923076923083,6744.102564102565,7362.435897435898,6658.97435897436,5436.153846153847,4908.717948717949,6190.384615384616,2084.6153846153848
1752270602065,5950.641025641026,8191.282051282053,7546.153846153848,4727.6923076923085,3062.692307692308,5455.384615384616,681.2820512820514,692.1794871794873
1752270602068,3822.0512820512827,2946.538461538462,3747.820512820513,2577.1794871794873,6653.205128205129,3527.820512820513,3384.1025641025644,6067.179487179488
1752270602108,7383.461538461539,7108.333333333334,4088.333333333334,6237.051282051283,6285.256410256411,3981.1538461538466,3804.1025641025644,3650.0000000000005
1752270602110,4312.948717948719,1706.5384615384617,1907.6923076923078,4097.179487179487,8197.051282051283,1526.5384615384617,4165.641025641026,6806.538461538463
1752270602113,7885.8974358974365,1321.794871794872,887.948717948718,7890.769230769231,1005.769230769231,1360.6410256410259,1848.0769230769233,2983.0769230769233
1752270602160,1474.2307692307695,8087.6923076923085,3810.3846153846157,797.6923076923078,4753.205128205129,29.35897435897436,3001.538461538462,6068.205128205129
1752270602168,3775.1282051282055,7383.461538461539,4616.410256410257,1811.0256410256413,5890.000000000001,4554.615384615385,499.10256410256414,8035.641025641026
1752270602173,2853.9743589743593,4708.076923076924,6395.000000000001,4349.2307692307695,4696.282051282052,6855.769230769231,8039.871794871796,581.1538461538462
1752270602203,6839.487179487181,8151.666666666668,6532.307692307693,3688.589743589744,6400.000000000001,3003.0769230769233,973.9743589743591,7592.307692307693
1752270602208,4561.410256410257,2857.692307692308,2400.2564102564106,406.1538461538462,4971.538461538462,3418.717948717949,1783.5897435897439,7625.641025641026
1752270602213,7527.6923076923085,1798.4615384615388,5343.205128205129,1307.948717948718,2647.692307692308,3383.589743589744,1778.5897435897439,6833.589743589744
1752270602246,2579.8717948717954,4612.820512820514,5471.410256410257,2507.435897435898,2491.666666666667,4280.641025641026,1671.9230769230771,3320.0000000000005
1752270602252,6256.923076923078,5198.205128205129,2675.641025641026,137.56410256410257,3794.358974358975,1267.5641025641028,753.9743589743591,3746.538461538462
1752270602294,6645.384615384616,2833.717948717949,7383.461538461539,6198.589743589744,6398.333333333334,4287.307692307693,59.74358974358975,2919.615384615385
1752270602300,4162.820512820514,7084.871794871796,6442.820512820514,6173.846153846154,5148.333333333334,4227.307692307693,4505.256410256411,5976.666666666668
1752270602306,2528.3333333333335,919.3589743589745,3248.2051282051284,725.5128205128206,943.2051282051283,4665.8974358974365,994.4871794871796,3086.410256410257
1752270602311,743.9743589743591,2325.641025641026,7224.3589743589755,4794.358974358975,6441.282051282052,6484.871794871796,1232.1794871794873,5222.179487179488
1752270602339,4053.9743589743593,3341.0256410256416,39.10256410256411,1549.4871794871797,1315.769230769231,6131.410256410257,5299.358974358975,7732.051282051283
1752270602346,3860.1282051282055,1076.025641025641,4155.769230769231,7369.487179487181,6655.8974358974365,2067.3076923076924,1890.769230769231,2111.2820512820517
1752270602351,2071.666666666667,7740.512820512821,987.0512820512822,4180.128205128206,2839.6153846153848,834.2307692307693,6259.23076923077,7091.025641025642
1752270602386,3263.2051282051284,892.948717948718,7339.487179487181,2809.3589743589746,33.58974358974359,5398.333333333334,6653.333333333334,2172.3076923076924
1752270602393,7927.564102564103,7388.97435897436,7630.8974358974365,1187.4358974358977,2729.1025641025644,2118.8461538461543,448.33333333333337,3817.1794871794878
1752270602437,5224.615384615386,2602.692307692308,4645.512820512821,55.25641025641026,5007.179487179488,4645.641025641026,5797.307692307693,1067.6923076923078
1752270602444,390.3846153846154,4886.282051282052,7547.051282051283,6921.282051282052,1048.717948717949,5088.076923076924,6911.153846153847,154.4871794871795
1752270602450,7223.205128205129,463.07692307692315,6590.000000000001,8176.282051282053,3916.9230769230776,8155.256410256411,3038.333333333334,2774.6153846153848
1752270602475,4212.564102564103,6836.538461538463,3904.358974358975,711.0256410256411,5528.846153846154,5611.025641025642,5822.179487179488,8339.48717948718
1752270602481,5597.948717948719,831.6666666666667,5502.051282051283,3400.512820512821,5336.666666666667,103.5897435897436,1335.3846153846155,6021.666666666668
1752270602487,6067.307692307693,3626.9230769230776,4433.589743589744,1489.8717948717951,2616.410256410257,4388.461538461539,5884.743589743591,6976.538461538463
1752270602524,209.3589743589744,3823.205128205129,881.0256410256411,7130.641025641026,1550.897435897436,4052.564102564103,1695.1282051282053,5893.717948717949
1752270602531,1528.5897435897439,2892.564102564103,456.66666666666674,705.5128205128206,1069.871794871795,5703.589743589744,8121.153846153848,7895.641025641026
1752270602537,979.871794871795,3950.3846153846157,1541.666666666667,1863.846153846154,6080.256410256411,3685.8974358974365,2421.538461538462,7421.410256410258
1752270602564,6528.717948717949,1250.2564102564104,3107.9487179487182,7008.589743589744,7997.948717948719,8041.0256410256425,7647.948717948719,7583.205128205129
1752270602568,6181.666666666668,4452.820512820514,5521.666666666667,4896.666666666667,1537.5641025641028,3558.461538461539,8209.871794871797,1183.5897435897436
1752270602571,5913.333333333334,4536.923076923077,2831.0256410256416,7457.179487179488,431.66666666666674,169.10256410256412,4759.743589743591,6741.153846153847
1752270602606,1298.846153846154,360.3846153846154,3458.461538461539,5822.051282051283,5315.8974358974365,800.5128205128207,6789.743589743591,7651.666666666668
1752270602608,4119.102564102564,4257.948717948719,2824.1025641025644,326.5384615384616,5463.846153846154,7339.743589743591,4329.871794871796,4462.179487179487
1752270602652,5268.333333333334,1956.4102564102566,3687.0512820512827,2840.0000000000005,1290.897435897436,5779.615384615386,7783.589743589745,1672.820512820513
1752270602654,1858.846153846154,4568.461538461539,3351.1538461538466,5120.384615384616,4325.000000000001,5435.256410256411,7354.743589743591,8220.128205128207
1752270602656,5716.538461538462,204.61538461538464,3460.3846153846157,275.76923076923083,6168.205128205129,6400.8974358974365,1942.3076923076926,7239.102564102565
1752270602658,1078.3333333333335,4237.179487179487,3400.2564102564106,1895.0000000000002,7181.923076923078,2620.1282051282055,5162.051282051283,7677.435897435898
1752270602695,2363.589743589744,7471.025641025642,5595.384615384616,3908.333333333334,4836.666666666667,2885.8974358974365,1070.897435897436,7383.333333333334
1752270602699,8007.307692307693,3026.2820512820517,5915.641025641026,8323.461538461539,3359.7435897435903,3681.2820512820517,530.8974358974359,6191.025641025642
1752270602744,6363.974358974359,1937.6923076923078,6891.282051282052,3080.512820512821,7295.641025641026,3903.205128205129,2326.025641025641,8076.923076923078
1752270602746,7788.846153846155,3256.538461538462,3489.7435897435903,3323.333333333334,6249.615384615386,286.53846153846155,1662.6923076923078,4664.358974358975
1752270602748,4289.74358974359,7891.538461538463,7649.871794871796,1685.2564102564104,5049.358974358975,4578.333333333334,4887.051282051283,228.974358974359
1752270602750,325.1282051282052,754.2307692307693,786.2820512820514,7001.025641025642,2991.538461538462,1774.6153846153848,1309.1025641025642,498.7179487179488
1752270602792,5658.974358974359,657.3076923076924,7980.384615384616,2554.3589743589746,8142.564102564103,3108.8461538461543,3065.1282051282055,6109.23076923077
1752270602797,1602.1794871794873,7784.102564102565,1304.2307692307695,292.948717948718,6017.6923076923085,2395.0000000000005,4259.102564102564,2002.4358974358977
1752270602843,6317.051282051283,7735.000000000001,3348.333333333334,784.1025641025642,160.64102564102566,4903.076923076924,5352.564102564103,878.0769230769232
1752270602852,3642.1794871794878,1647.6923076923078,4651.666666666667,2300.769230769231,1324.8717948717951,6949.871794871796,3296.666666666667,5472.820512820514
1752270602857,3759.358974358975,6271.153846153847,3598.589743589744,7684.487179487181,850.5128205128207,7145.384615384616,6216.538461538462,22.435897435897438
1752270602876,6123.589743589744,1574.2307692307695,1473.4615384615386,2135.2564102564106,1804.6153846153848,2442.692307692308,1820.769230769231,5555.384615384616
1752270602880,83.46153846153847,3720.1282051282055,4478.333333333334,12.94871794871795,6261.666666666668,5042.435897435898,6634.487179487181,3043.8461538461543
1752270602884,2971.666666666667,4711.025641025642,3291.0256410256416,871.4102564102565,6172.435897435898,3594.48717948718,2230.3846153846157,7119.615384615386
1752270602925,4366.538461538462,3095.2564102564106,3290.3846153846157,5765.769230769231,5844.871794871796,5031.410256410257,29.743589743589748,1643.5897435897439
1752270602928,9.487179487179489,4727.051282051282,2725.0000000000005,3429.1025641025644,7896.282051282053,8126.794871794873,3331.2820512820517,3473.461538461539
1752270602930,1542.5641025641028,1333.0769230769233,6335.000000000001,2636.410256410257,931.0256410256411,4282.6923076923085,8394.871794871797,4032.307692307693
1752270602974,3187.435897435898,587.948717948718,4538.076923076924,7544.23076923077,8058.97435897436,4141.153846153847,6229.102564102565,8043.333333333334
1752270602981,6201.794871794873,1335.1282051282053,7680.641025641026,5527.307692307693,760.6410256410257,5691.153846153847,657.8205128205129,4468.333333333334
1752270602988,3304.2307692307695,292.8205128205129,8252.051282051283,5597.307692307693,5428.076923076924,4453.974358974359,8338.846153846154,4765.128205128206
1752270603019,6859.615384615386,1212.3076923076924,6633.076923076924,2331.794871794872,2077.9487179487182,6077.820512820514,2512.1794871794873,5221.282051282052
1752270603025,4859.358974358975,7068.333333333334,4961.410256410257,7580.641025641026,6060.641025641026,4088.589743589744,3995.7692307692314,7293.333333333334
1752270603029,5479.3589743589755,6365.128205128206,473.8461538461539,736.923076923077,273.0769230769231,6952.051282051283,4462.307692307693,808.2051282051283
1752270603107,6857.179487179488,3386.410256410257,4811.410256410257,3771.410256410257,5582.948717948719,1852.1794871794875,6989.615384615386,7037.948717948719
1752270603113,5305.384615384616,394.3589743589744,571.6666666666667,6141.153846153847,1431.6666666666667,5688.717948717949,5401.538461538462,3501.794871794872
1752270603118,4340.384615384616,7207.307692307693,7414.743589743591,6695.384615384616,2700.1282051282055,3169.3589743589746,955.769230769231,862.4358974358976
1752270603123,895.897435897436,8345.897435897437,5926.025641025642,7919.3589743589755,5464.102564102564,6836.794871794873,1429.4871794871797,4631.923076923077
1752270603131,6722.564102564103,3841.0256410256416,5136.794871794872,8309.743589743592,5305.384615384616,665.6410256410257,2325.1282051282055,407.3076923076924
1752270603149,1563.717948717949,7682.6923076923085,5646.666666666667,5071.666666666667,4810.128205128206,7516.923076923078,21.53846153846154,326.1538461538462
1752270603152,652.5641025641027,3981.0256410256416,2602.820512820513,5648.974358974359,3802.564102564103,4717.6923076923085,1185.769230769231,401.1538461538462
1752270603155,3944.7435897435903,2323.589743589744,4741.025641025642,2039.3589743589746,3903.9743589743593,6613.461538461539,3832.307692307693,3883.9743589743593
1752270603195,1687.820512820513,5827.6923076923085,5530.769230769231,257.17948717948724,6846.410256410258,5771.923076923078,5148.076923076924,6277.564102564103
1752270603199,2027.9487179487182,4470.769230769231,5742.948717948719,444.48717948717956,6643.333333333334,3137.1794871794878,5727.179487179488,3109.615384615385
1752270603202,618.8461538461539,8380.256410256412,7502.307692307693,6178.974358974359,7441.923076923078,6354.743589743591,2676.794871794872,5226.923076923078
1752270603236,4736.794871794872,7909.3589743589755,5567.948717948719,5310.256410256411,3456.1538461538466,2668.717948717949,959.3589743589745,4689.615384615386
1752270603239,7725.769230769231,7360.512820512821,2866.410256410257,99.4871794871795,5264.615384615386,1746.2820512820515,496.66666666666674,3841.0256410256416
1752270603241,2609.4871794871797,6693.076923076924,4894.358974358975,5192.820512820514,2533.2051282051284,4911.282051282052,2816.410256410257,2752.051282051282
1752270603278,5369.743589743591,5588.461538461539,5787.6923076923085,1029.3589743589746,7226.666666666668,6180.641025641026,2808.461538461539,5837.948717948719
1752270603280,3289.48717948718,6825.641025641026,6261.153846153847,3769.7435897435903,442.17948717948724,3001.2820512820517,7752.564102564103,411.5384615384616
1752270603282,3405.7692307692314,4029.615384615385,6689.743589743591,6225.8974358974365,6062.435897435898,7090.256410256411,5288.589743589744,6451.410256410257
1752270603326,8015.512820512821,5631.025641025642,986.5384615384617,2857.9487179487182,3267.9487179487182,7242.948717948719,3925.8974358974365,1302.3076923076924
1752270603328,6783.97435897436,1932.0512820512822,6180.000000000001,5631.923076923078,7886.923076923078,272.94871794871796,5484.871794871796,6414.487179487181
1752270603330,4831.794871794872,8372.692307692309,5333.589743589744,2039.3589743589746,1411.794871794872,5819.3589743589755,204.74358974358978,6872.6923076923085
1752270603373,5943.974358974359,1384.3589743589746,727.5641025641027,1910.3846153846157,1892.5641025641028,2032.3076923076926,339.2307692307693,2281.410256410257
1752270603376,2754.1025641025644,1375.1282051282053,1154.6153846153848,2776.0256410256416,5778.076923076924,1554.2307692307695,5133.717948717949,2144.2307692307695
1752270603378,522.4358974358975,8250.128205128207,4523.846153846154,5045.256410256411,8044.102564102565,5858.589743589744,988.3333333333335,184.61538461538464
1752270603417,6587.948717948719,2693.717948717949,5602.564102564103,2370.0000000000005,478.7179487179488,6117.948717948719,2892.692307692308,1324.4871794871797
1752270603423,2854.7435897435903,405.3846153846154,3313.8461538461543,4165.8974358974365,7592.948717948719,7226.538461538463,8367.179487179488,6801.410256410258
1752270603429,5190.769230769231,4758.589743589744,7160.000000000001,71.02564102564104,5121.666666666667,4272.051282051282,2069.6153846153848,6559.23076923077
1752270603463,4500.769230769231,5626.923076923078,7422.6923076923085,3220.0000000000005,438.7179487179488,5807.179487179488,2880.0000000000005,2131.410256410257
1752270603469,3170.512820512821,5142.6923076923085,8240.512820512822,7500.384615384616,5313.846153846154,2795.3846153846157,2338.9743589743593,7683.589743589745
1752270603474,5790.384615384616,2931.923076923077,5652.435897435898,8160.512820512821,8256.794871794873,8212.692307692309,6109.615384615386,1795.5128205128208
1752270603570,8107.820512820514,913.3333333333335,692.8205128205129,5785.641025641026,1555.1282051282053,1959.1025641025644,7944.3589743589755,4946.923076923077
1752270603577,1465.5128205128208,6446.923076923078,7260.769230769231,3058.9743589743593,5491.794871794872,6797.051282051283,3524.8717948717954,7781.666666666668
1752270603584,6552.948717948719,2378.2051282051284,5085.641025641026,106.66666666666669,8191.794871794873,7757.6923076923085,404.3589743589744,7273.589743589744
1752270603589,7528.97435897436,6396.923076923078,650.897435897436,941.2820512820514,5491.153846153847,7500.384615384616,7193.717948717949,1650.3846153846157
1752270603596,515.0000000000001,1333.846153846154,3178.0769230769233,1698.717948717949,7265.256410256411,5801.025641025642,7138.333333333334,7929.743589743591
1752270603600,1290.5128205128208,4257.564102564103,7912.564102564103,1303.2051282051284,7588.71794871795,5216.025641025642,5215.000000000001,2525.1282051282055
1752270603603,3084.7435897435903,162.30769230769232,624.8717948717949,5643.846153846154,1642.3076923076926,745.2564102564104,3121.1538461538466,5411.410256410257
1752270603606,1781.5384615384617,7422.307692307693,5622.307692307693,8240.000000000002,427.5641025641026,1841.0256410256413,3216.794871794872,8134.615384615386
1752270603651,1566.5384615384617,2664.4871794871797,136.15384615384616,1436.025641025641,4966.282051282052,7865.641025641026,254.10256410256414,2901.538461538462
1752270603656,2362.564102564103,882.948717948718,1879.2307692307695,2292.564102564103,6970.512820512821,1176.5384615384617,1143.5897435897436,895.897435897436
1752270603662,2981.923076923077,4713.846153846154,106.79487179487181,6397.948717948719,3488.8461538461543,8010.512820512821,3941.9230769230776,1700.1282051282053
1752270603689,7630.769230769231,2730.1282051282055,2037.6923076923078,572.948717948718,860.7692307692308,1335.6410256410259,6638.846153846154,4386.410256410257
1752270603693,871.5384615384617,1945.6410256410259,4285.512820512821,6248.974358974359,4221.025641025642,898.0769230769232,7814.871794871796,2342.820512820513
1752270603696,5267.6923076923085,6942.179487179488,940.5128205128207,8027.307692307693,1646.9230769230771,6545.641025641026,5225.000000000001,6313.205128205129
1752270603739,250.00000000000003,6778.461538461539,667.948717948718,6749.102564102565,1040.5128205128206,295.76923076923083,5681.923076923078,3005.3846153846157
1752270603745,6796.666666666668,6897.307692307693,4402.307692307693,6133.333333333334,1158.717948717949,6197.564102564103,2440.641025641026,1505.897435897436
1752270603749,6099.615384615386,8128.205128205129,6011.538461538462,1918.9743589743591,4381.538461538462,7954.743589743591,7027.948717948719,2906.410256410257
1752270603781,2331.794871794872,3797.820512820513,6917.6923076923085,2868.717948717949,3290.7692307692314,6165.256410256411,7263.71794871795,5377.6923076923085
1752270603787,3017.820512820513,3325.512820512821,5042.6923076923085,4369.358974358975,6428.076923076924,5476.794871794872,5366.282051282052,6912.307692307693
1752270603792,6974.102564102565,7981.410256410258,4538.974358974359,1552.4358974358977,430.6410256410257,2147.051282051282,147.05128205128207,3731.538461538462
1752270603832,1867.8205128205132,1414.4871794871797,6903.333333333334,869.3589743589745,1140.1282051282053,5979.23076923077,1190.5128205128206,3064.4871794871797
1752270603838,7484.615384615386,7245.128205128206,4098.333333333334,1127.1794871794873,6985.256410256411,1366.1538461538464,1855.5128205128208,3740.2564102564106
1752270603872,7967.6923076923085,3115.8974358974365,2117.3076923076924,7397.6923076923085,7992.435897435898,6015.8974358974365,7879.615384615386,6424.871794871796
1752270603877,916.2820512820514,5348.205128205129,5938.589743589744,8088.589743589745,5898.076923076924,8199.743589743592,7113.589743589744,8366.794871794873
1752270603883,4905.8974358974365,5742.948717948719,6469.615384615386,1852.4358974358977,2720.897435897436,2969.3589743589746,7420.512820512821,3273.9743589743593
1752270603912,1050.769230769231,6442.820512820514,3788.9743589743593,7129.615384615386,2665.512820512821,7553.076923076924,56.025641025641036,1633.2051282051284
1752270603915,119.35897435897438,1694.3589743589746,8400.512820512822,8023.333333333334,1793.5897435897439,7765.384615384616,6463.076923076924,2423.4615384615386
1752270603918,2420.3846153846157,3248.0769230769233,2420.2564102564106,121.02564102564104,1836.666666666667,1973.4615384615388,7837.179487179488,7080.128205128206
1752270603954,4534.743589743591,7378.589743589744,8200.384615384617,3534.48717948718,4312.948717948719,4262.051282051282,1530.769230769231,8300.128205128207
1752270603956,6310.128205128206,2455.641025641026,5844.3589743589755,862.6923076923078,567.5641025641027,1066.5384615384617,2287.820512820513,4607.564102564103
1752270603958,6071.538461538462,3390.3846153846157,7604.615384615386,2262.692307692308,735.5128205128206,1139.7435897435898,4633.205128205129,168.46153846153848
1752270604001,121.2820512820513,1207.1794871794873,5189.615384615386,5788.333333333334,5372.179487179488,6121.666666666668,8156.794871794873,4063.205128205129
1752270604003,3661.666666666667,5015.000000000001,7974.615384615386,1420.897435897436,1869.74358974359,5687.564102564103,7858.333333333334,371.41025641025647
1752270604005,5811.025641025642,5442.179487179488,8042.820512820514,6817.307692307693,2165.512820512821,6540.256410256411,746.923076923077,7144.487179487181
1752270604044,5204.743589743591,7580.8974358974365,4796.923076923077,2527.9487179487182,3331.538461538462,5914.487179487181,5272.820512820514,8201.794871794873
1752270604045,2611.923076923077,2080.897435897436,4000.3846153846157,4215.769230769231,2674.6153846153848,1487.0512820512822,3843.333333333334,3116.923076923077
1752270604047,6775.769230769231,3456.794871794872,5079.871794871796,2678.9743589743593,3453.717948717949,2392.564102564103,8183.71794871795,3870.0000000000005
1752270604099,1624.3589743589746,1146.025641025641,655.6410256410257,4180.128205128206,4651.282051282052,7372.564102564103,334.4871794871795,6944.743589743591
1752270604106,1589.1025641025642,4073.333333333334,1170.6410256410259,4026.2820512820517,7497.435897435898,5717.435897435898,7856.666666666668,4733.717948717949
1752270604111,2238.589743589744,5368.974358974359,4209.358974358975,2120.0000000000005,4746.410256410257,7309.615384615386,1837.9487179487182,6052.051282051283
1752270604144,3652.9487179487182,7521.923076923078,7438.076923076924,5649.615384615386,7991.538461538463,3325.8974358974365,3200.8974358974365,2135.641025641026
1752270604150,1437.0512820512822,4930.641025641026,7697.051282051283,3740.6410256410263,4087.435897435898,5293.461538461539,4493.717948717949,1296.025641025641
1752270604156,6818.97435897436,2978.717948717949,1651.1538461538464,2370.641025641026,2746.2820512820517,4395.769230769231,8086.538461538463,5234.2307692307695
1752270604187,8006.410256410258,5693.461538461539,3413.205128205129,6945.769230769231,5695.512820512821,8240.512820512822,835.0000000000001,2736.794871794872
1752270604192,5029.2307692307695,1201.794871794872,669.2307692307693,3930.6410256410263,7249.871794871796,6419.871794871796,507.69230769230774,5833.076923076924
1752270604207,3642.9487179487182,2411.2820512820517,6556.666666666668,3692.9487179487182,1562.6923076923078,7141.538461538463,165.12820512820514,4040.6410256410263
1752270604229,7372.435897435898,1223.846153846154,3841.538461538462,1952.3076923076926,6728.333333333334,8232.692307692309,7559.3589743589755,6719.871794871796
1752270604233,4172.564102564103,4570.769230769231,8063.71794871795,3075.3846153846157,4381.538461538462,145.8974358974359,5692.435897435898,8378.589743589744
1752270604271,7185.512820512821,1048.717948717949,7151.282051282053,8377.564102564103,2507.564102564103,3423.9743589743593,5683.589743589744,8338.076923076924
1752270604366,8192.692307692309,8171.153846153848,4738.589743589744,8355.897435897437,6584.487179487181,1407.1794871794873,1055.5128205128206,5280.512820512821
1752270604371,6993.076923076924,6925.8974358974365,8115.641025641026,5106.153846153847,6074.102564102564,3547.9487179487182,5009.2307692307695,357.3076923076924
1752270604377,5993.589743589744,1972.9487179487182,5043.205128205129,7405.8974358974365,1286.1538461538464,6374.487179487181,8294.48717948718,7488.71794871795
1752270604381,3663.461538461539,4395.128205128206,7440.641025641026,7286.923076923078,3814.7435897435903,5953.461538461539,5268.076923076924,426.1538461538462
1752270604387,2148.717948717949,1221.794871794872,615.897435897436,5727.564102564103,1505.897435897436,5420.512820512821,7595.256410256411,6130.128205128206
1752270604391,2919.2307692307695,4326.794871794872,3879.8717948717954,7450.384615384616,1069.2307692307693,4890.769230769231,1304.8717948717951,434.7435897435898
1752270604394,6619.3589743589755,2763.589743589744,7902.820512820514,6608.846153846154,8154.871794871796,17.30769230769231,8240.641025641027,1156.2820512820515
1752270604397,1984.1025641025644,1916.9230769230771,7143.076923076924,2641.2820512820517,2136.538461538462,2246.794871794872,2637.1794871794873,6185.641025641026
1752270604408,7331.538461538463,3763.461538461539,6816.282051282052,6926.025641025642,8146.538461538463,5697.179487179488,8378.589743589744,2052.564102564103
1752270604411,365.89743589743597,2234.74358974359,135.8974358974359,6798.97435897436,8135.512820512821,1770.0000000000002,847.1794871794873,3932.9487179487182
1752270604413,5393.717948717949,4768.717948717949,1940.1282051282053,1177.6923076923078,3554.3589743589746,3539.7435897435903,5319.871794871796,4231.153846153847
1752270604457,2130.2564102564106,3290.0000000000005,2476.410256410257,6898.461538461539,219.4871794871795,353.0769230769231,8020.384615384616,5490.641025641026
1752270604462,7212.435897435898,163.33333333333334,8370.769230769232,793.0769230769232,271.6666666666667,2123.8461538461543,4642.435897435898,7691.153846153848
1752270604467,1782.6923076923078,4000.7692307692314,2690.0000000000005,2342.307692307693,3576.1538461538466,7269.102564102565,4665.384615384616,8064.23076923077
1752270604496,5927.435897435898,6814.102564102565,2278.9743589743593,1268.3333333333335,804.6153846153848,8221.410256410258,6084.23076923077,8144.23076923077
1752270604499,5977.564102564103,8294.615384615387,1720.2564102564104,2249.3589743589746,7297.6923076923085,7631.410256410258,5767.435897435898,2289.1025641025644
1752270604504,4724.102564102564,1624.2307692307695,2584.8717948717954,4840.256410256411,1528.846153846154,6258.461538461539,6148.589743589744,2009.8717948717951
1752270604542,6477.435897435898,6122.564102564103,5415.512820512821,1921.4102564102566,5276.282051282052,3345.641025641026,911.5384615384617,4603.205128205129
1752270604544,1094.871794871795,1340.0000000000002,6803.589743589744,4027.692307692308,1280.5128205128208,2744.6153846153848,7339.102564102565,7557.948717948719
1752270604546,2307.9487179487182,5457.051282051283,8261.153846153848,3571.0256410256416,3856.538461538462,5990.000000000001,7803.205128205129,4791.538461538462
1752270604585,3403.0769230769233,3294.3589743589746,1454.4871794871797,7858.71794871795,431.7948717948718,8223.846153846154,4302.307692307693,5957.820512820514
1752270604587,7622.179487179488,2600.512820512821,2119.2307692307695,3667.820512820513,4106.410256410257,2822.692307692308,4966.794871794872,7576.282051282053
1752270604589,1713.3333333333335,1814.4871794871797,4433.205128205129,3635.1282051282055,2322.051282051282,2878.2051282051284,7018.846153846155,1355.6410256410259
1752270604630,2313.3333333333335,5675.769230769231,8138.71794871795,3297.435897435898,3857.9487179487182,7629.3589743589755,5841.282051282052,7508.461538461539
1752270604631,6914.487179487181,7743.333333333334,5835.256410256411,4411.794871794872,7731.282051282053,3820.8974358974365,707.4358974358976,2642.692307692308
1752270604682,5690.769230769231,1115.769230769231,6530.512820512821,2911.923076923077,6700.384615384616,401.2820512820513,7332.948717948719,6104.871794871796
1752270604687,1504.6153846153848,4949.358974358975,2784.6153846153848,4942.948717948719,7331.794871794873,1362.5641025641028,3821.1538461538466,6594.23076923077
1752270604692,2496.410256410257,4155.256410256411,7101.025641025642,5685.000000000001,5726.025641025642,1459.2307692307695,390.76923076923083,4659.871794871796
1752270604696,3865.1282051282055,880.3846153846155,2108.0769230769233,4235.128205128206,6977.307692307693,1261.6666666666667,4669.102564102564,6532.307692307693
1752270604701,3911.2820512820517,6869.487179487181,7049.743589743591,4333.589743589744,4658.589743589744,2297.3076923076924,7060.384615384616,3187.1794871794878
1752270604716,3990.1282051282055,2947.564102564103,4953.717948717949,4792.435897435898,677.4358974358976,2606.794871794872,5909.615384615386,4428.974358974359
1752270604739,6537.948717948719,7621.282051282053,5343.589743589744,6745.256410256411,4661.153846153847,7029.3589743589755,2473.0769230769233,990.3846153846155
1752270604745,4781.923076923077,3097.435897435898,1297.3076923076924,1450.3846153846155,117.1794871794872,7521.923076923078,2671.2820512820517,4018.461538461539
1752270604769,3663.461538461539,2057.692307692308,1715.897435897436,4882.820512820514,3419.48717948718,8253.076923076924,5876.025641025642,4735.769230769231
1752270604784,2199.6153846153848,5832.948717948719,35.51282051282052,2309.74358974359,7996.666666666668,2014.615384615385,2427.1794871794873,2108.2051282051284
1752270604788,6196.666666666668,1803.9743589743591,2050.512820512821,6305.128205128206,3907.9487179487182,7072.051282051283,2426.0256410256416,7240.769230769231
1752270604806,40.769230769230774,5230.8974358974365,257.17948717948724,4454.2307692307695,8246.666666666668,4262.179487179487,1174.1025641025642,95.51282051282053
1752270604823,6315.000000000001,3595.0000000000005,2697.307692307693,5228.589743589744,830.2564102564104,6581.025641025642,6806.923076923078,1178.846153846154
1752270604845,2091.2820512820517,8252.820512820514,1447.9487179487182,6311.794871794873,1888.0769230769233,5427.435897435898,7436.794871794873,175.51282051282053
1752270604860,3272.0512820512827,8002.564102564103,2672.435897435898,8299.743589743592,7342.948717948719,1167.948717948718,7018.333333333334,1649.2307692307695
1752270604872,5135.641025641026,2256.410256410257,4274.74358974359,7163.717948717949,787.0512820512821,7773.97435897436,6598.333333333334,8239.48717948718
1752270604889,151.2820512820513,2882.051282051282,5121.153846153847,5056.410256410257,7653.97435897436,7211.410256410258,7431.153846153848,7732.307692307693
1752270604899,4729.358974358975,7308.076923076924,693.3333333333334,2032.6923076923078,6950.256410256411,6627.435897435898,33.333333333333336,4312.820512820514
1752270604919,721.4102564102565,7684.102564102565,5089.102564102564,1479.1025641025642,6457.948717948719,3127.564102564103,8045.769230769231,814.1025641025642
1752270604933,3816.9230769230776,4953.076923076924,5951.410256410257,1154.1025641025642,4398.333333333334,3173.2051282051284,6450.000000000001,3719.48717948718
1752270604958,2385.641025641026,6919.23076923077,7393.589743589744,1407.3076923076924,5531.794871794872,6330.000000000001,5031.410256410257,3173.2051282051284
1752270604973,2738.8461538461543,3535.6410256410263,7019.23076923077,8237.435897435898,7116.794871794873,1289.7435897435898,8218.71794871795,4753.974358974359
1752270604986,36.15384615384616,8006.153846153848,8088.333333333334,2073.4615384615386,1069.1025641025642,6367.435897435898,1322.948717948718,3281.2820512820517
1752270604991,5241.410256410257,546.6666666666667,7476.282051282053,7687.948717948719,1568.5897435897439,7502.307692307693,1543.0769230769233,946.6666666666667
1752270605008,6778.076923076924,7656.666666666668,4010.6410256410263,4108.333333333334,6637.307692307693,6420.8974358974365,6286.666666666668,1507.6923076923078
1752270605038,5886.666666666667,2469.4871794871797,4123.589743589744,5093.589743589744,844.6153846153848,2567.692307692308,2546.1538461538466,5391.666666666667
1752270605051,2504.8717948717954,5566.282051282052,2398.8461538461543,5724.615384615386,3381.538461538462,4176.923076923077,2345.3846153846157,7344.487179487181
1752270605058,4366.282051282052,5508.333333333334,7547.435897435898,6060.769230769231,1920.6410256410259,1293.3333333333335,7253.71794871795,1100.5128205128206
1752270605080,4696.410256410257,4428.589743589744,557.4358974358975,6799.102564102565,5642.179487179488,1604.4871794871797,2457.820512820513,2502.9487179487182
1752270605120,7632.820512820514,2866.2820512820517,5514.3589743589755,4319.358974358975,707.1794871794873,3958.8461538461543,2805.0000000000005,2567.435897435898
1752270605130,2690.2564102564106,7237.051282051283,4491.410256410257,408.8461538461539,8274.23076923077,4020.2564102564106,2966.0256410256416,2701.923076923077
1752270605135,6483.461538461539,3726.538461538462,932.1794871794873,7368.71794871795,5422.051282051283,3880.1282051282055,6938.97435897436,1361.794871794872
1752270605139,60.51282051282052,1795.5128205128208,7941.282051282053,1961.538461538462,8343.461538461539,7665.641025641026,2526.794871794872,6014.102564102564
1752270605176,6185.000000000001,5895.641025641026,8225.897435897437,7935.641025641026,6238.461538461539,3693.9743589743593,2744.7435897435903,6061.153846153847
1752270605180,833.5897435897436,7290.769230769231,5307.948717948719,902.0512820512822,2969.615384615385,2381.794871794872,1850.3846153846157,4209.74358974359
1752270605187,3415.0000000000005,1663.2051282051284,2281.410256410257,6552.307692307693,4230.128205128206,3045.1282051282055,7662.564102564103,992.4358974358976
1752270605201,4107.948717948719,3427.0512820512827,155.64102564102566,633.7179487179488,3201.538461538462,746.4102564102565,2039.615384615385,6628.205128205129
1752270605207,7626.923076923078,4659.871794871796,3225.0000000000005,6094.487179487181,7607.948717948719,2220.512820512821,7985.256410256411,2352.9487179487182
1752270605252,3168.717948717949,4721.538461538462,8253.846153846154,2876.1538461538466,5626.923076923078,2265.2564102564106,6243.589743589744,4463.333333333334
1752270605255,2238.717948717949,7152.435897435898,4527.179487179488,5408.461538461539,1013.3333333333335,3563.8461538461543,7980.512820512821,2905.641025641026
1752270605268,2590.512820512821,6405.000000000001,2678.717948717949,2578.8461538461543,2741.410256410257,2918.2051282051284,2720.897435897436,7284.102564102565
1752270605272,7075.256410256411,5899.102564102564,2504.74358974359,6442.179487179488,6076.410256410257,3636.666666666667,8182.6923076923085,1136.2820512820515
1752270605296,21.410256410256412,2790.0000000000005,6497.307692307693,1097.1794871794873,6839.871794871796,1659.6153846153848,513.974358974359,5711.794871794873
1752270605301,426.41025641025647,8150.897435897437,7964.3589743589755,2698.9743589743593,3553.9743589743593,5092.820512820514,4010.3846153846157,3915.7692307692314
1752270605316,5829.743589743591,3548.717948717949,272.17948717948724,2798.3333333333335,8310.512820512822,7048.846153846155,7399.102564102565,8212.307692307693
1752270605334,1913.2051282051284,6358.076923076924,4516.410256410257,2190.512820512821,6256.538461538462,8147.435897435898,7498.589743589744,5596.538461538462
1752270605376,5089.871794871796,5940.769230769231,4445.769230769231,1327.6923076923078,759.3589743589745,4821.410256410257,3831.9230769230776,2751.0256410256416
1752270605384,755.1282051282052,2919.7435897435903,5073.205128205129,4086.410256410257,824.6153846153848,820.6410256410257,3956.2820512820517,8028.46153846154
1752270605394,726.6666666666667,5069.871794871796,6346.794871794873,7383.71794871795,635.0000000000001,8040.512820512821,6015.000000000001,3669.2307692307695
1752270605405,1225.3846153846155,6726.923076923078,2914.3589743589746,528.974358974359,6724.871794871796,3300.0000000000005,4073.589743589744,8371.538461538463
1752270605423,4855.641025641026,2729.4871794871797,2398.589743589744,4440.384615384616,3046.538461538462,5953.076923076924,5395.8974358974365,4704.743589743591
1752270605428,4818.589743589744,1394.3589743589746,4398.717948717949,2580.897435897436,2489.3589743589746,2689.3589743589746,1396.5384615384617,2175.897435897436
1752270605444,378.20512820512823,949.3589743589745,2163.4615384615386,2793.589743589744,3356.666666666667,5976.410256410257,4027.820512820513,3147.692307692308
1752270605459,6830.256410256411,4527.6923076923085,1737.820512820513,1794.6153846153848,6927.051282051283,461.5384615384616,5044.871794871796,7585.384615384616
1752270605474,6998.846153846155,3060.8974358974365,1507.5641025641028,6047.179487179488,5172.435897435898,692.1794871794873,724.1025641025642,3879.1025641025644
1752270605512,5500.256410256411,4854.615384615386,5725.000000000001,2004.2307692307695,7110.769230769231,1247.0512820512822,5055.8974358974365,2300.1282051282055
1752270605513,3743.205128205129,5573.461538461539,4335.512820512821,7761.923076923078,6284.743589743591,4482.179487179488,2614.6153846153848,5724.3589743589755
1752270605520,1377.4358974358977,6417.820512820514,1892.3076923076926,6740.512820512821,4645.512820512821,2204.1025641025644,3880.0000000000005,743.9743589743591
1752270605534,3318.2051282051284,941.7948717948719,8233.589743589744,8106.923076923078,1218.717948717949,7971.410256410258,8032.307692307693,7430.256410256411
1752270605571,6149.871794871796,722.8205128205129,5772.564102564103,2061.025641025641,6498.076923076924,3257.1794871794878,3308.333333333334,6362.051282051283
1752270605573,3279.2307692307695,3780.7692307692314,5393.846153846154,1477.820512820513,6932.435897435898,2879.7435897435903,5616.025641025642,7783.461538461539
1752270605587,5715.769230769231,782.8205128205129,6524.487179487181,5804.23076923077,2762.051282051282,4739.102564102564,2605.3846153846157,5851.666666666667
1752270605602,6695.256410256411,7054.487179487181,5155.384615384616,275.00000000000006,6757.948717948719,2135.3846153846157,5836.666666666667,1331.2820512820515
1752270605620,350.1282051282052,6874.487179487181,220.38461538461542,5734.615384615386,6983.076923076924,5432.051282051283,8188.97435897436,4933.846153846154
1752270605639,2432.820512820513,237.82051282051285,3416.1538461538466,4907.051282051283,6653.97435897436,3605.2564102564106,7057.6923076923085,812.8205128205129
1752270605646,1731.794871794872,964.871794871795,5044.743589743591,1580.1282051282053,4488.461538461539,6909.102564102565,910.0000000000001,7056.794871794873
1752270605685,4589.615384615385,2007.3076923076926,8272.564102564103,3939.2307692307695,7494.23076923077,3607.1794871794878,3199.4871794871797,7449.3589743589755
1752270605686,3547.1794871794878,1008.2051282051283,2339.2307692307695,6719.23076923077,6526.794871794873,6892.051282051283,1942.0512820512822,7105.769230769231
1752270605702,3107.307692307693,3468.717948717949,4882.948717948719,2975.641025641026,4588.461538461539,7913.461538461539,1632.5641025641028,1030.1282051282053
1752270605706,1579.6153846153848,2394.2307692307695,7825.8974358974365,5522.820512820514,6826.666666666668,258.4615384615385,4538.461538461539,1821.4102564102566
1752270605721,2519.3589743589746,6298.589743589744,1043.5897435897436,461.2820512820513,3886.9230769230776,4877.6923076923085,3726.2820512820517,5014.615384615386
1752270605737,5957.051282051283,7607.820512820514,3168.589743589744,1155.6410256410259,4086.2820512820517,3038.8461538461543,5018.589743589744,1345.5128205128208
1752270605752,2084.74358974359,4072.1794871794878,214.23076923076925,4555.256410256411,6760.384615384616,7280.512820512821,3988.461538461539,220.38461538461542
1752270605789,5039.743589743591,645.897435897436,7131.666666666668,2445.1282051282055,97.82051282051283,6768.333333333334,6529.102564102565,6727.435897435898
1752270605790,2253.8461538461543,3322.435897435898,253.20512820512823,3118.717948717949,5598.717948717949,6739.23076923077,4777.435897435898,7004.871794871796
1752270605804,3350.641025641026,358.84615384615387,3607.0512820512827,6752.051282051283,6885.641025641026,7139.743589743591,744.2307692307693,4783.076923076924
1752270605812,5670.769230769231,4364.871794871796,2820.0000000000005,1795.0000000000002,6810.256410256411,7751.025641025642,5995.512820512821,2991.0256410256416
1752270605853,6565.8974358974365,3322.692307692308,4560.769230769231,377.43589743589746,7244.871794871796,4489.615384615385,3239.2307692307695,4251.282051282052
1752270605855,1967.8205128205132,1913.846153846154,7362.435897435898,4412.6923076923085,2309.1025641025644,6326.025641025642,2799.1025641025644,4060.8974358974365
1752270605864,989.6153846153848,4880.128205128206,1491.794871794872,2568.717948717949,4253.076923076924,3450.512820512821,6713.846153846154,2245.897435897436
1752270605902,3594.48717948718,5556.794871794872,159.4871794871795,7886.923076923078,202.1794871794872,1832.8205128205132,3298.461538461539,7587.820512820514
1752270605903,4727.564102564103,5827.564102564103,2706.410256410257,5027.307692307693,7413.71794871795,8139.3589743589755,3682.0512820512827,21.153846153846157
1752270605909,2810.769230769231,2909.2307692307695,3823.205128205129,5384.743589743591,892.0512820512822,2694.2307692307695,5809.487179487181,5097.307692307693
1752270605924,6748.589743589744,4152.564102564103,1260.897435897436,1537.4358974358977,202.05128205128207,4045.7692307692314,1753.846153846154,2110.897435897436
1752270605961,350.51282051282055,1236.025641025641,1953.9743589743591,5896.538461538462,2058.3333333333335,7401.410256410258,7905.384615384616,7063.461538461539
1752270605963,4790.000000000001,210.8974358974359,5140.512820512821,688.3333333333334,5122.435897435898,2612.692307692308,929.4871794871796,5392.435897435898
1752270605980,4492.435897435898,4768.717948717949,274.61538461538464,2765.641025641026,6468.076923076924,8058.97435897436,7531.025641025642,238.58974358974362
1752270605996,5211.282051282052,1365.0000000000002,7458.71794871795,1062.6923076923078,1046.9230769230771,8260.256410256412,4061.0256410256416,2064.6153846153848
1752270606016,4057.435897435898,5505.128205128206,1378.3333333333335,3426.410256410257,1203.717948717949,7553.846153846155,594.8717948717949,5075.641025641026
1752270606027,6760.641025641026,3956.0256410256416,4589.2307692307695,8391.538461538463,8329.358974358975,3242.1794871794878,5214.743589743591,1348.846153846154
1752270606041,861.0256410256411,3030.769230769231,2166.1538461538466,1638.717948717949,7192.435897435898,599.7435897435898,2283.0769230769233,7919.3589743589755
1752270606055,4005.7692307692314,5286.923076923078,3416.794871794872,5995.512820512821,102.69230769230771,1951.9230769230771,914.4871794871796,3736.794871794872
1752270606076,2905.1282051282055,6652.435897435898,4584.358974358975,3405.8974358974365,4238.205128205129,3136.0256410256416,7092.307692307693,6307.6923076923085
1752270606112,7130.512820512821,6922.051282051283,6282.6923076923085,65.64102564102565,3032.307692307693,1423.3333333333335,3961.666666666667,7587.6923076923085
1752270606116,8107.435897435898,3904.358974358975,553.0769230769231,5013.076923076924,5881.666666666667,1202.6923076923078,1995.769230769231,2930.2564102564106
1752270606123,5305.641025641026,6042.307692307693,5063.205128205129,2129.4871794871797,1189.3589743589746,7170.769230769231,6873.589743589744,2970.8974358974365
1752270606141,3301.410256410257,4745.384615384616,6152.820512820514,6555.384615384616,2516.923076923077,903.4615384615386,1371.9230769230771,2124.1025641025644
1752270606146,4648.205128205129,4960.512820512821,2880.769230769231,4808.846153846154,2282.435897435898,5721.923076923078,5173.333333333334,6094.102564102564
1752270606187,5357.307692307693,65.51282051282053,5281.410256410257,2293.717948717949,2143.9743589743593,1445.6410256410259,6903.717948717949,4360.641025641026
1752270606190,5524.743589743591,7429.615384615386,5343.846153846154,4783.717948717949,5907.435897435898,3776.2820512820517,3301.538461538462,3182.0512820512827
1752270606198,56.15384615384616,4349.871794871796,6303.205128205129,2006.0256410256413,5565.641025641026,5891.153846153847,2665.769230769231,7620.769230769231
1752270606215,17.692307692307693,4803.205128205129,4500.8974358974365,2641.794871794872,8284.48717948718,1142.1794871794873,5446.666666666667,3419.2307692307695
1752270606231,1818.5897435897439,8320.256410256412,6774.871794871796,3282.435897435898,5545.8974358974365,7810.512820512821,6784.743589743591,7663.589743589745
1752270606246,2804.3589743589746,7231.923076923078,988.5897435897438,3767.692307692308,5347.307692307693,6666.153846153847,1032.1794871794873,6215.512820512821
1752270606261,6633.846153846154,6666.282051282052,2093.0769230769233,6776.153846153847,8395.641025641027,6289.102564102565,3637.564102564103,8221.153846153848
1752270606275,6059.871794871796,4875.512820512821,6926.666666666668,3648.8461538461543,1349.8717948717951,508.58974358974365,6933.333333333334,2368.8461538461543
1752270606309,4506.666666666667,2602.564102564103,7044.102564102565,1734.3589743589746,2378.4615384615386,5528.205128205129,3280.641025641026,7736.410256410258
1752270606312,4231.794871794872,195.12820512820517,54.358974358974365,5369.102564102564,5056.666666666667,7952.435897435898,3189.615384615385,5943.205128205129
1752270606324,7603.589743589745,6648.589743589744,7774.871794871796,2771.794871794872,2318.717948717949,3313.717948717949,8304.871794871797,2377.564102564103
1752270606338,827.1794871794873,1737.0512820512822,1992.4358974358977,8199.743589743592,3932.820512820513,5339.871794871796,658.2051282051283,7092.948717948719
1752270606353,4614.48717948718,6087.820512820514,1548.9743589743591,3957.692307692308,605.0000000000001,4203.974358974359,5278.333333333334,5068.717948717949
1752270606369,1437.820512820513,6447.435897435898,3417.820512820513,4825.128205128206,2632.435897435898,2253.2051282051284,1295.769230769231,1176.6666666666667
1752270606387,718.2051282051283,961.7948717948719,5239.102564102564,577.948717948718,7772.820512820514,8348.333333333334,6685.256410256411,4677.179487179488
1752270606401,7710.641025641026,4465.256410256411,5548.461538461539,7034.102564102565,7992.820512820514,5061.794871794872,8106.794871794873,197.94871794871798
1752270606418,7097.179487179488,3203.589743589744,5686.794871794873,2034.8717948717951,4845.8974358974365,6474.102564102565,5943.076923076924,7751.410256410258
1752270606435,6497.820512820514,4292.820512820514,7724.3589743589755,2542.692307692308,5699.743589743591,6616.666666666668,2221.666666666667,3689.8717948717954
1752270606448,7241.794871794873,4385.512820512821,6292.6923076923085,6722.948717948719,6489.23076923077,2792.564102564103,1963.3333333333335,826.6666666666667
1752270606464,585.0000000000001,1348.5897435897439,1795.3846153846157,2485.512820512821,1441.025641025641,7768.71794871795,4750.8974358974365,5465.128205128206
1752270606477,5991.153846153847,7544.743589743591,7657.051282051283,4353.205128205129,6143.461538461539,804.2307692307693,342.948717948718,4143.076923076924
1752270606515,5702.179487179488,7375.769230769231,693.974358974359,4449.743589743591,5840.000000000001,324.3589743589744,3885.3846153846157,5936.794871794873
1752270606520,5416.794871794872,8380.000000000002,4671.410256410257,7257.051282051283,7274.102564102565,1691.666666666667,4089.615384615385,116.41025641025642
1752270606530,4091.9230769230776,1391.794871794872,6227.948717948719,8292.435897435898,1162.0512820512822,8134.615384615386,7237.307692307693,5525.512820512821
1752270606536,3364.48717948718,7915.384615384616,2147.692307692308,2501.923076923077,3949.1025641025644,123.0769230769231,680.897435897436,2291.410256410257
1752270606577,5131.538461538462,5564.871794871796,4372.307692307693,1707.1794871794873,7761.923076923078,1635.6410256410259,7331.410256410258,2768.717948717949
1752270606584,4256.794871794872,8080.256410256411,5283.333333333334,3215.512820512821,5217.6923076923085,2945.641025641026,3265.512820512821,7073.97435897436
1752270606590,6417.6923076923085,5020.641025641026,7521.410256410258,1288.5897435897436,3526.9230769230776,21.666666666666668,479.7435897435898,854.6153846153848
1752270606604,1440.0000000000002,5911.153846153847,1479.1025641025642,5543.076923076924,8214.615384615385,7069.3589743589755,439.6153846153847,7490.8974358974365
1752270606621,6797.948717948719,3416.923076923077,8112.179487179488,5138.205128205129,2825.641025641026,1452.9487179487182,7848.589743589745,4002.564102564103
1752270606636,5741.538461538462,4669.2307692307695,3496.0256410256416,5356.025641025642,6521.666666666668,354.3589743589744,2704.4871794871797,8083.846153846155
1752270606652,7095.384615384616,1999.3589743589746,8384.871794871797,6263.974358974359,42.17948717948718,5615.769230769231,4352.179487179487,5340.384615384616
1752270606665,6448.461538461539,118.5897435897436,5730.128205128206,4023.076923076924,5712.179487179488,3389.3589743589746,4477.435897435898,1633.3333333333335
1752270606708,6067.564102564103,5146.410256410257,340.2564102564103,921.4102564102566,969.7435897435898,6026.282051282052,6211.282051282052,5584.102564102564
1752270606713,3191.2820512820517,6832.820512820514,4771.538461538462,2908.3333333333335,3822.0512820512827,1224.6153846153848,2884.4871794871797,2527.051282051282
1752270606718,4665.384615384616,443.58974358974365,210.25641025641028,3352.564102564103,797.3076923076924,5808.974358974359,2830.512820512821,2986.666666666667
1752270606737,2147.435897435898,3415.3846153846157,7624.871794871796,7820.128205128206,7389.3589743589755,823.2051282051283,2501.923076923077,3927.307692307693
1752270606741,4151.282051282052,2684.2307692307695,7148.589743589744,2670.769230769231,1947.1794871794875,978.3333333333335,8074.871794871796,1757.9487179487182
1752270606785,7954.615384615386,1108.9743589743591,2994.615384615385,7815.128205128206,7576.538461538463,8195.000000000002,7584.743589743591,7957.6923076923085
1752270606790,4809.358974358975,8229.102564102564,3504.48717948718,4148.974358974359,6871.282051282052,1033.2051282051284,985.2564102564104,3703.8461538461543
1752270606796,5500.641025641026,4882.564102564103,4690.641025641026,6095.384615384616,6806.794871794873,2475.1282051282055,3931.410256410257,1329.6153846153848
1752270606831,1760.2564102564104,6965.256410256411,2565.641025641026,5008.333333333334,7933.846153846155,4018.589743589744,2588.0769230769233,5840.512820512821
1752270606835,8185.256410256411,8201.794871794873,6883.589743589744,184.3589743589744,4026.538461538462,7787.564102564103,6848.97435897436,3437.435897435898
1752270606839,7652.948717948719,6593.717948717949,951.2820512820514,4989.2307692307695,3681.666666666667,393.7179487179488,8135.641025641026,1919.4871794871797
1752270606850,4237.948717948719,3357.9487179487182,7943.461538461539,1574.8717948717951,427.0512820512821,5064.743589743591,8289.871794871797,5472.307692307693
1752270606866,6479.743589743591,7518.461538461539,8172.6923076923085,3838.333333333334,7752.051282051283,3979.48717948718,3702.820512820513,7470.769230769231
1752270606889,445.6410256410257,7757.307692307693,5227.564102564103,3287.692307692308,5693.076923076924,3312.9487179487182,1312.5641025641028,3307.820512820513
1752270606905,126.2820512820513,3560.512820512821,7094.3589743589755,6489.743589743591,1223.4615384615386,4846.666666666667,1322.1794871794873,7247.948717948719
1752270606920,6604.3589743589755,746.1538461538463,2071.666666666667,3442.0512820512827,8066.0256410256425,5520.512820512821,469.6153846153847,3343.333333333334
1752270606936,931.5384615384617,5858.461538461539,1172.1794871794873,3290.512820512821,2766.923076923077,3946.666666666667,7645.128205128206,2412.307692307693
1752270606942,8284.48717948718,3489.8717948717954,5154.487179487181,5077.435897435898,5413.589743589744,975.6410256410257,2653.3333333333335,3019.4871794871797
1752270606985,3657.564102564103,4285.000000000001,5171.538461538462,2030.6410256410259,7674.615384615386,1343.0769230769233,1666.0256410256413,6352.948717948719
1752270606990,6348.333333333334,5613.076923076924,826.1538461538463,3802.820512820513,2662.1794871794873,3888.717948717949,7652.564102564103,7185.8974358974365
1752270606994,7661.666666666668,5756.666666666667,4341.923076923077,3173.333333333334,165.64102564102566,6092.820512820514,407.0512820512821,7147.948717948719
1752270607012,1024.7435897435898,3660.1282051282055,6312.179487179488,6363.846153846154,1300.2564102564104,2901.538461538462,4537.307692307693,8334.615384615387
1752270607050,2689.6153846153848,3141.794871794872,7473.076923076924,5716.923076923078,1441.025641025641,2978.333333333334,913.8461538461539,664.7435897435898
1752270607055,2757.051282051282,5298.205128205129,4270.512820512821,3103.461538461539,304.10256410256414,5290.641025641026,5994.3589743589755,7061.025641025642
1752270607063,1575.0000000000002,2387.820512820513,5112.820512820514,7802.435897435898,6839.615384615386,4054.358974358975,6294.615384615386,1922.9487179487182
1752270607070,5778.717948717949,4219.102564102564,2904.7435897435903,442.948717948718,699.8717948717949,4859.743589743591,5327.051282051283,2590.512820512821
1752270607085,2871.0256410256416,7459.487179487181,6314.615384615386,287.8205128205129,4386.025641025642,2005.0000000000002,1704.1025641025644,5853.461538461539
1752270607125,4656.025641025642,1231.1538461538464,1639.3589743589746,7582.564102564103,4039.23076923077,7873.205128205129,7563.589743589744,1292.820512820513
1752270607132,5735.8974358974365,3753.333333333334,8257.179487179488,2273.3333333333335,3734.1025641025644,5700.769230769231,2829.6153846153848,336.02564102564105
1752270607138,3047.051282051282,945.6410256410257,5476.794871794872,724.7435897435898,6710.8974358974365,6943.333333333334,6465.8974358974365,4240.384615384616
1752270607146,1093.9743589743591,406.5384615384616,4896.794871794872,5290.641025641026,6773.461538461539,3985.7692307692314,7216.794871794873,5963.461538461539
1752270607186,2096.538461538462,4119.2307692307695,464.8717948717949,3791.666666666667,5549.102564102564,2025.0000000000002,968.7179487179488,7357.051282051283
1752270607191,3704.2307692307695,5450.128205128206,8149.743589743591,3596.2820512820517,3804.1025641025644,3880.2564102564106,5254.871794871796,2033.9743589743593
1752270607199,1257.1794871794873,3172.0512820512827,3366.1538461538466,429.8717948717949,7590.769230769231,1816.4102564102566,6341.282051282052,8098.97435897436
1752270607211,6395.512820512821,3901.666666666667,1664.3589743589746,1004.4871794871796,7933.846153846155,224.10256410256414,5335.000000000001,5888.461538461539
1752270607246,4832.307692307693,7042.564102564103,6513.589743589744,7871.538461538463,7863.333333333334,6963.717948717949,358.84615384615387,7243.71794871795
1752270607248,2480.2564102564106,4839.2307692307695,3453.717948717949,6963.461538461539,8108.076923076924,4558.076923076924,5847.179487179488,6790.000000000001
1752270607253,7089.3589743589755,6793.589743589744,309.7435897435898,6546.410256410257,770.3846153846155,1370.6410256410259,6389.615384615386,2212.9487179487182
1752270607295,3234.3589743589746,7162.948717948719,7334.615384615386,6136.025641025642,4616.923076923077,7869.23076923077,8318.589743589744,4184.2307692307695
1752270607301,4428.589743589744,1316.9230769230771,5272.051282051283,3117.435897435898,6055.512820512821,6006.282051282052,3602.1794871794878,2736.538461538462
1752270607311,8121.538461538463,5042.6923076923085,900.5128205128207,1098.846153846154,3519.2307692307695,87.05128205128206,3550.512820512821,1785.0000000000002
1752270607325,7136.025641025642,1192.3076923076924,1519.3589743589746,3214.8717948717954,7713.076923076924,1250.2564102564104,3394.7435897435903,145.25641025641028
1752270607340,4608.205128205129,8245.512820512822,6231.666666666668,2631.666666666667,4228.333333333334,5036.410256410257,3934.358974358975,4737.948717948719
1752270607353,3443.589743589744,8395.384615384617,4190.384615384616,7422.051282051283,482.8205128205129,2782.307692307693,1577.1794871794873,5814.615384615386
1752270607372,5431.153846153847,5700.000000000001,2787.1794871794878,3748.9743589743593,2021.4102564102566,5120.8974358974365,7598.846153846155,7214.487179487181
1752270607385,8178.97435897436,4175.256410256411,1243.846153846154,4677.051282051282,4599.102564102564,5444.487179487181,7479.3589743589755,3635.7692307692314
1752270607400,6595.384615384616,31.538461538461544,6682.564102564103,4791.410256410257,4300.8974358974365,2726.923076923077,6579.871794871796,2956.1538461538466
1752270607440,6526.666666666668,7097.564102564103,1845.2564102564104,5655.000000000001,4982.179487179488,6751.410256410258,636.4102564102565,1916.4102564102566
1752270607445,4790.384615384616,1020.2564102564104,3162.1794871794878,8046.153846153848,1654.1025641025642,8192.564102564103,5603.846153846154,7236.666666666668
1752270607452,7954.743589743591,6335.000000000001,4556.282051282052,3063.333333333334,4292.179487179487,519.2307692307693,867.948717948718,2494.4871794871797
1752270607457,1467.820512820513,7765.512820512821,5086.025641025642,4381.538461538462,6428.717948717949,390.76923076923083,4995.256410256411,226.53846153846158
1752270607475,6764.23076923077,8289.48717948718,734.7435897435898,470.6410256410257,7622.051282051283,6711.410256410258,7238.076923076924,4896.025641025642
1752270607515,4773.076923076924,991.2820512820514,8302.948717948719,8379.358974358975,7402.179487179488,8096.153846153848,2823.8461538461543,1242.5641025641028
1752270607519,2695.769230769231,1484.4871794871797,7807.948717948719,2070.1282051282055,80.12820512820514,3785.1282051282055,5333.717948717949,3080.8974358974365
1752270607528,7023.333333333334,3621.9230769230776,2309.8717948717954,4844.358974358975,5734.615384615386,7071.153846153847,7461.538461538463,4953.974358974359
1752270607545,8102.564102564103,7410.256410256411,722.5641025641027,6810.000000000001,3181.923076923077,701.6666666666667,435.1282051282052,2571.0256410256416
1752270607561,8136.923076923078,5573.333333333334,337.5641025641026,7335.8974358974365,1745.3846153846157,4766.025641025642,4288.076923076924,3548.9743589743593
1752270607573,4288.461538461539,7423.97435897436,2673.589743589744,5921.923076923078,6452.564102564103,5452.051282051283,5865.128205128206,6289.102564102565
1752270607587,8359.102564102564,2473.717948717949,888.7179487179488,1012.9487179487181,195.7692307692308,365.1282051282052,2221.538461538462,3227.9487179487182
1752270607602,7162.051282051283,120.3846153846154,5593.076923076924,7142.179487179488,665.897435897436,6938.97435897436,625.2564102564104,2907.435897435898
1752270607644,7342.051282051283,4048.333333333334,4744.102564102564,88.5897435897436,2783.0769230769233,842.948717948718,2098.5897435897436,8228.333333333334
1752270607647,4265.8974358974365,4948.589743589744,1414.4871794871797,7979.102564102565,2368.8461538461543,5899.23076923077,1760.5128205128208,777.948717948718
1752270607662,7956.538461538463,3614.48717948718,5019.743589743591,1240.2564102564104,7998.71794871795,2733.589743589744,7065.769230769231,1430.2564102564104
1752270607664,6337.435897435898,1111.1538461538462,6013.205128205129,69.35897435897436,2630.0000000000005,3660.0000000000005,4871.666666666667,7985.512820512821
1752270607676,8159.743589743591,7543.589743589744,3042.435897435898,5640.256410256411,3955.1282051282055,5955.512820512821,2331.794871794872,4566.666666666667
1752270607716,5828.717948717949,5546.538461538462,3681.9230769230776,5681.666666666667,539.7435897435898,2357.9487179487182,8301.025641025642,6206.410256410257
1752270607718,3606.666666666667,8383.846153846154,2648.589743589744,3199.8717948717954,6048.333333333334,5776.410256410257,1293.0769230769233,1114.3589743589746
1752270607724,5550.384615384616,5210.8974358974365,965.0000000000001,2457.307692307693,5850.000000000001,162.94871794871796,5472.948717948719,5878.717948717949
1752270607765,3323.589743589744,8267.307692307693,4673.333333333334,8177.307692307693,4300.128205128206,4744.743589743591,3447.1794871794878,3777.307692307693
1752270607769,4504.2307692307695,5624.3589743589755,523.2051282051283,3633.717948717949,7314.743589743591,437.0512820512821,547.1794871794873,3368.461538461539
1752270607774,3993.461538461539,2673.2051282051284,4487.6923076923085,3314.1025641025644,7620.641025641026,3917.564102564103,1176.5384615384617,4605.8974358974365
1752270607789,2748.461538461539,4010.7692307692314,3364.2307692307695,6802.435897435898,820.5128205128207,6610.128205128206,3158.589743589744,6917.435897435898
1752270607800,1591.4102564102566,3999.48717948718,4283.589743589744,3843.9743589743593,2262.820512820513,8336.282051282053,5860.512820512821,1108.5897435897436
1752270607836,3564.7435897435903,3279.7435897435903,3802.692307692308,1823.0769230769233,6382.179487179488,337.17948717948724,2962.9487179487182,7832.564102564103
1752270607838,755.5128205128206,2303.589743589744,4974.358974358975,343.84615384615387,5526.923076923078,5427.179487179488,1297.6923076923078,6841.538461538463
1752270607852,4989.102564102564,1817.6923076923078,6279.615384615386,532.3076923076924,5916.923076923078,416.92307692307696,4650.769230769231,1790.3846153846157
1752270607859,4639.871794871796,3514.1025641025644,6140.128205128206,1034.7435897435898,5691.282051282052,6035.384615384616,6676.923076923078,1413.9743589743591
1752270607874,7323.71794871795,2921.923076923077,3346.538461538462,4092.9487179487187,7056.923076923078,5636.794871794873,3686.2820512820517,7579.871794871796
1752270607915,759.8717948717949,5154.871794871796,3201.538461538462,4629.615384615385,2667.051282051282,2073.4615384615386,2517.564102564103,282.43589743589746
1752270607917,5336.410256410257,6973.333333333334,5561.153846153847,7189.487179487181,2519.4871794871797,831.7948717948719,6160.256410256411,4113.333333333334
1752270607926,2325.1282051282055,7587.820512820514,7932.307692307693,3664.615384615385,4960.128205128206,7345.512820512821,25.769230769230774,1325.0000000000002
1752270607941,4055.0000000000005,1310.3846153846155,7794.23076923077,7870.384615384616,7781.538461538463,4823.974358974359,5400.256410256411,5414.743589743591
1752270607956,6936.666666666668,1957.8205128205132,1288.3333333333335,6951.410256410258,5163.205128205129,3877.820512820513,6221.666666666668,5041.794871794872
1752270607972,5301.282051282052,7468.97435897436,4586.794871794872,6390.256410256411,7208.461538461539,6280.512820512821,8063.205128205129,7353.97435897436
1752270607994,5765.8974358974365,1445.897435897436,1292.0512820512822,4203.076923076924,1293.846153846154,8221.794871794873,1547.820512820513,1775.6410256410259
1752270608009,1214.1025641025642,7625.000000000001,5993.076923076924,2299.3589743589746,3021.794871794872,871.4102564102565,686.0256410256411,6889.102564102565
1752270608024,1547.4358974358977,1492.6923076923078,2022.9487179487182,357.8205128205129,1698.4615384615386,2953.461538461539,5955.8974358974365,8037.435897435898
1752270608040,3855.3846153846157,1409.2307692307695,2232.564102564103,1043.9743589743591,4973.333333333334,6253.076923076924,3199.8717948717954,986.923076923077
1752270608054,6546.282051282052,8388.076923076924,929.3589743589745,7226.666666666668,3479.3589743589746,4969.358974358975,8312.051282051283,2294.8717948717954
1752270608066,7373.589743589744,4292.564102564103,1065.5128205128206,3284.7435897435903,5177.435897435898,6823.461538461539,1347.820512820513,889.1025641025642
1752270608085,6784.871794871796,696.0256410256411,268.71794871794873,65.76923076923077,323.4615384615385,5891.538461538462,2802.564102564103,7880.512820512821
1752270608099,6449.743589743591,3736.538461538462,3060.769230769231,7185.769230769231,8003.589743589745,7161.923076923078,4505.769230769231,2407.1794871794873
1752270608115,2267.3076923076924,6150.8974358974365,4214.48717948718,2082.051282051282,66.66666666666667,8299.23076923077,698.5897435897436,2260.769230769231
1752270608133,5835.128205128206,680.0000000000001,6003.974358974359,4274.2307692307695,5759.487179487181,2081.025641025641,6770.8974358974365,2820.512820512821
1752270608152,2698.0769230769233,229.10256410256414,7855.128205128206,3285.8974358974365,4312.820512820514,1257.3076923076924,1086.9230769230771,6031.923076923078
1752270608167,7172.948717948719,271.02564102564105,2293.589743589744,8280.512820512822,5741.025641025642,3647.1794871794878,980.1282051282053,337.43589743589746
1752270608174,4079.8717948717954,707.6923076923077,6902.820512820514,4696.794871794872,827.1794871794873,3719.8717948717954,3859.7435897435903,7252.948717948719
1752270608189,1831.2820512820515,3221.538461538462,5169.743589743591,4907.6923076923085,5513.717948717949,3823.333333333334,2348.589743589744,3381.0256410256416
1752270608212,5117.820512820514,6879.487179487181,1136.9230769230771,4007.820512820513,7512.435897435898,7322.179487179488,1342.948717948718,5274.358974358975
1752270608227,6996.538461538463,7873.846153846155,6408.717948717949,3895.6410256410263,480.1282051282052,3116.410256410257,8222.435897435898,1855.769230769231
1752270608241,6276.794871794873,2676.1538461538466,7476.153846153848,1666.4102564102566,6671.794871794873,8271.153846153848,4315.512820512821,631.5384615384617
1752270608256,2717.307692307693,6083.333333333334,7731.538461538463,1253.2051282051284,1650.6410256410259,358.20512820512823,7600.641025641026,61.410256410256416
1752270608269,7767.051282051283,1432.6923076923078,1206.5384615384617,7083.717948717949,6457.051282051283,2328.717948717949,557.0512820512821,1810.6410256410259
1752270608286,3701.666666666667,2090.0000000000005,6763.97435897436,1351.9230769230771,8086.0256410256425,5640.8974358974365,6032.564102564103,7165.256410256411
1752270608301,5053.589743589744,649.6153846153846,5187.051282051283,6710.128205128206,3181.538461538462,4980.384615384616,4947.435897435898,3489.1025641025644
1752270608316,4487.307692307693,1969.6153846153848,6807.820512820514,3269.1025641025644,6290.641025641026,142.30769230769232,7458.205128205129,50.769230769230774
1752270608332,7058.589743589744,4195.641025641026,354.61538461538464,1876.4102564102566,8363.71794871795,2366.666666666667,5779.615384615386,116.79487179487181
1752270608354,7301.794871794873,6516.538461538463,5360.384615384616,7481.794871794873,5675.641025641026,4215.000000000001,5861.410256410257,950.769230769231
1752270608369,3617.0512820512827,4807.051282051282,6554.871794871796,5816.923076923078,645.6410256410257,8367.564102564103,5412.564102564103,6254.871794871796
1752270608381,5790.256410256411,2841.923076923077,4996.538461538462,4146.025641025642,7808.97435897436,8340.384615384617,4827.820512820514,1735.3846153846157
1752270608394,409.48717948717956,2890.641025641026,5937.435897435898,7533.076923076924,6122.051282051283,3863.461538461539,6763.589743589744,179.61538461538464
1752270608423,6569.743589743591,4822.564102564103,2028.3333333333335,3392.0512820512827,2019.2307692307695,6646.666666666668,4739.48717948718,1767.1794871794873
1752270608437,4721.153846153847,5727.435897435898,8217.051282051283,1542.3076923076926,2584.4871794871797,179.3589743589744,681.0256410256411,6831.923076923078
1752270608453,6294.871794871796,4150.384615384616,3332.435897435898,107.1794871794872,3635.512820512821,5395.8974358974365,889.6153846153848,3222.9487179487182
1752270608474,6050.512820512821,1363.846153846154,7421.153846153848,4605.641025641026,2192.051282051282,891.923076923077,3003.717948717949,3627.1794871794878
1752270608481,4320.384615384616,6597.564102564103,4916.153846153847,4723.589743589744,4785.512820512821,389.48717948717956,2580.641025641026,8397.051282051283
1752270608493,2096.1538461538466,3430.7692307692314,8186.282051282053,6601.153846153847,4444.102564102564,55.769230769230774,3144.1025641025644,5346.153846153847
1752270608510,4287.6923076923085,1348.717948717949,5091.794871794872,3363.9743589743593,3497.692307692308,1360.1282051282053,5446.282051282052,6293.589743589744
1752270608525,1797.8205128205132,5492.564102564103,8107.948717948719,1180.5128205128206,1597.4358974358977,4267.564102564103,7355.384615384616,4540.256410256411
1752270608540,5613.717948717949,8305.512820512822,1686.4102564102566,6871.282051282052,1073.846153846154,2327.435897435898,6854.487179487181,2188.0769230769233
1752270608565,209.8717948717949,5277.948717948719,433.4615384615385,7596.025641025642,5834.871794871796,1876.0256410256413,4308.333333333334,4708.717948717949
1752270608578,2897.051282051282,5596.153846153847,930.5128205128207,6857.307692307693,694.7435897435898,2327.9487179487182,117.05128205128207,2212.1794871794873
1752270608587,6499.102564102565,3795.3846153846157,2584.8717948717954,2656.538461538462,6162.435897435898,1288.5897435897436,3440.3846153846157,338.0769230769231
1752270608600,6604.23076923077,7100.384615384616,3918.717948717949,612.5641025641027,6312.6923076923085,6440.256410256411,8012.948717948719,5665.641025641026
1752270608612,1753.0769230769233,368.4615384615385,7619.23076923077,919.2307692307694,5696.153846153847,3484.48717948718,1441.6666666666667,6903.461538461539
1752270608655,2071.923076923077,6325.512820512821,6471.923076923078,6700.8974358974365,7341.410256410258,1627.6923076923078,62.948717948717956,6227.564102564103
1752270608661,4576.025641025642,4572.051282051282,4187.564102564103,3395.3846153846157,2884.1025641025644,6826.538461538463,4427.564102564103,280.3846153846154
1752270608668,7244.615384615386,3580.3846153846157,3024.615384615385,1394.3589743589746,1549.4871794871797,2127.051282051282,2922.9487179487182,1019.1025641025642
1752270608682,2198.717948717949,4804.48717948718,7272.948717948719,2606.2820512820517,4137.307692307693,2330.897435897436,5778.205128205129,4517.820512820514
1752270608695,7759.743589743591,8401.923076923078,5021.282051282052,1340.6410256410259,3871.9230769230776,5719.871794871796,3094.7435897435903,6058.333333333334
1752270608738,8142.820512820514,7697.307692307693,3520.8974358974365,7934.615384615386,4557.051282051282,2702.564102564103,238.20512820512823,4660.000000000001
1752270608745,1648.846153846154,6967.307692307693,3750.2564102564106,3067.0512820512827,4259.871794871796,3451.666666666667,7611.282051282053,2902.692307692308
1752270608750,3867.1794871794878,7831.0256410256425,2644.8717948717954,820.6410256410257,2540.2564102564106,6606.282051282052,360.2564102564103,3895.0000000000005
1752270608781,1946.4102564102566,1748.3333333333335,7343.97435897436,1133.5897435897436,7527.307692307693,4807.435897435898,539.3589743589745,121.53846153846155
1752270608784,6596.538461538463,1481.4102564102566,2662.307692307693,8078.205128205129,1395.5128205128208,6856.666666666668,541.0256410256411,2197.564102564103
1752270608787,3916.0256410256416,1428.2051282051284,7017.948717948719,4389.743589743591,5273.974358974359,6719.487179487181,164.23076923076925,1079.7435897435898
1752270608799,7745.8974358974365,5224.615384615386,6247.948717948719,2501.923076923077,4254.2307692307695,7052.435897435898,7918.71794871795,735.1282051282052
1752270608813,3424.48717948718,488.07692307692315,1248.0769230769233,1651.1538461538464,8051.794871794873,572.1794871794873,1448.9743589743591,5737.820512820514
1752270608841,539.6153846153846,6472.179487179488,1902.0512820512822,7749.615384615386,1076.2820512820515,1231.025641025641,1432.5641025641028,5446.153846153847
1752270608856,707.948717948718,1439.4871794871797,2217.1794871794873,2102.051282051282,5300.000000000001,727.0512820512821,4917.179487179488,3181.794871794872
1752270608869,268.71794871794873,143.0769230769231,6583.205128205129,7895.512820512821,6151.025641025642,5040.000000000001,2885.769230769231,2471.0256410256416
1752270608885,1492.820512820513,7033.333333333334,7803.71794871795,7130.769230769231,4205.128205128206,908.7179487179488,5859.23076923077,5321.538461538462
1752270608899,4246.794871794872,5476.282051282052,1503.846153846154,1787.1794871794873,6608.97435897436,8222.692307692309,6459.23076923077,283.20512820512823
1752270608916,1597.3076923076926,1670.6410256410259,2157.564102564103,5249.487179487181,2369.1025641025644,5559.615384615386,6436.025641025642,7243.97435897436
1752270608939,8399.23076923077,5011.153846153847,7423.461538461539,2842.1794871794878,7940.641025641026,1742.6923076923078,4609.871794871796,8315.000000000002
1752270608955,7507.179487179488,4081.1538461538466,250.25641025641028,7756.025641025642,7256.410256410258,5970.8974358974365,447.4358974358975,7503.71794871795
1752270608967,7778.846153846155,2971.1538461538466,1157.948717948718,8307.820512820514,8310.512820512822,7745.8974358974365,4269.871794871796,2030.6410256410259
1752270608986,2309.3589743589746,6945.000000000001,2086.410256410257,523.5897435897436,1577.4358974358977,6576.666666666668,6668.461538461539,4758.589743589744
1752270608989,5032.564102564103,730.897435897436,5293.974358974359,2375.512820512821,1093.5897435897436,677.0512820512821,2970.641025641026,2851.794871794872
1752270609013,6705.000000000001,1664.3589743589746,3149.3589743589746,4703.205128205129,6676.794871794873,8308.333333333334,6429.487179487181,5162.6923076923085
1752270609027,5290.128205128206,7487.564102564103,6111.282051282052,7552.564102564103,4.102564102564103,4963.974358974359,7070.384615384616,4509.102564102564
1752270609043,3892.9487179487182,4042.0512820512827,2290.512820512821,6599.3589743589755,1338.846153846154,7235.769230769231,4630.256410256411,1396.794871794872
1752270609056,4221.282051282052,7314.3589743589755,5053.974358974359,6104.615384615386,3885.1282051282055,700.6410256410257,2190.512820512821,3033.461538461539
1752270609074,5610.000000000001,3030.8974358974365,1236.5384615384617,7725.641025641026,5850.384615384616,3613.205128205129,2976.2820512820517,5055.000000000001
1752270609096,6970.000000000001,981.923076923077,1711.794871794872,7493.333333333334,1562.4358974358977,7004.487179487181,3825.1282051282055,5280.256410256411
1752270609102,3667.1794871794878,2162.9487179487182,6082.179487179488,115.51282051282053,4832.948717948719,1036.025641025641,51.02564102564103,8152.307692307693
1752270609117,7990.512820512821,2529.7435897435903,6667.051282051283,7627.948717948719,6099.615384615386,1336.794871794872,531.6666666666667,1102.5641025641028
1752270609132,8081.923076923078,870.0000000000001,4939.102564102564,3912.692307692308,4720.000000000001,6611.410256410257,8370.384615384617,8268.333333333334
1752270609156,4923.076923076924,2080.0000000000005,3398.0769230769233,6174.3589743589755,2865.3846153846157,4802.435897435898,5432.051282051283,4622.948717948719
1752270609171,6921.025641025642,8114.23076923077,5678.076923076924,1399.7435897435898,813.5897435897436,7367.6923076923085,4126.794871794872,1762.0512820512822
1752270609185,7387.820512820514,4319.358974358975,6819.871794871796,4102.179487179487,2059.871794871795,4086.9230769230776,7425.8974358974365,4713.205128205129
1752270609191,6261.538461538462,5523.846153846154,5815.512820512821,8078.076923076924,1573.717948717949,3615.3846153846157,6353.717948717949,5647.435897435898
1752270609216,7125.128205128206,3658.0769230769233,6442.820512820514,3521.1538461538466,13.974358974358976,2341.1538461538466,4084.48717948718,469.8717948717949
1752270609232,8085.641025641026,3038.589743589744,3816.666666666667,3787.435897435898,3338.589743589744,2873.461538461539,5603.333333333334,7238.97435897436
1752270609245,2163.2051282051284,3166.666666666667,252.05128205128207,7852.435897435898,3410.7692307692314,7113.846153846155,679.2307692307693,7198.333333333334
1752270609265,557.5641025641027,4250.384615384616,3735.512820512821,4462.179487179487,8187.307692307693,640.7692307692308,2894.4871794871797,4885.8974358974365
1752270609275,972.0512820512822,1302.3076923076924,8205.000000000002,2239.1025641025644,1284.7435897435898,2088.2051282051284,5299.102564102564,4686.282051282052
1752270609298,1433.3333333333335,214.74358974358978,2.6923076923076925,3128.461538461539,7700.769230769231,6383.461538461539,1109.3589743589746,5493.974358974359
1752270609303,2918.9743589743593,5101.410256410257,4209.358974358975,8277.564102564103,3484.48717948718,7807.564102564103,2734.6153846153848,3963.076923076924
1752270609318,7965.8974358974365,8080.512820512821,3749.615384615385,5813.717948717949,1065.769230769231,2731.666666666667,5388.076923076924,3511.538461538462
1752270609334,364.61538461538464,5366.923076923078,6347.435897435898,3503.0769230769233,5100.8974358974365,7761.153846153848,1793.9743589743591,1612.6923076923078
1752270609377,8346.153846153848,3627.0512820512827,322.17948717948724,330.2564102564103,8043.97435897436,4560.641025641026,4575.000000000001,6853.97435897436
1752270609381,4273.974358974359,4545.128205128206,4658.846153846154,610.5128205128206,7191.025641025642,366.7948717948718,7465.8974358974365,7343.589743589744
1752270609387,452.948717948718,1938.4615384615388,65.38461538461539,957.5641025641027,1741.666666666667,5443.717948717949,4517.820512820514,3553.717948717949
1752270609402,4485.384615384616,3774.7435897435903,1729.4871794871797,431.41025641025647,4839.615384615386,4192.6923076923085,8273.71794871795,4002.1794871794878
1752270609410,3986.410256410257,2502.9487179487182,5786.410256410257,200.25641025641028,8301.538461538463,6457.6923076923085,7339.743589743591,607.4358974358975
1752270609450,7937.051282051283,130.00000000000003,3930.0000000000005,2771.2820512820517,6648.333333333334,7372.051282051283,3891.538461538462,673.0769230769232
1752270609457,2528.4615384615386,1797.8205128205132,3197.820512820513,5422.307692307693,3310.0000000000005,3371.2820512820517,3053.8461538461543,2774.1025641025644
1752270609462,4708.717948717949,2081.923076923077,5885.128205128206,7619.871794871796,1071.4102564102566,6879.102564102565,1587.9487179487182,5740.384615384616
1752270609478,6966.666666666668,147.6923076923077,5543.205128205129,5159.743589743591,4171.153846153847,2032.5641025641028,1188.9743589743591,4605.128205128206
1752270609509,3073.333333333334,5284.102564102564,6064.102564102564,3577.0512820512827,7132.307692307693,1508.3333333333335,6661.538461538463,786.923076923077
1752270609512,3535.1282051282055,6639.743589743591,5843.717948717949,1543.5897435897439,8058.46153846154,1830.1282051282053,6518.076923076924,8002.564102564103
1752270609522,6483.717948717949,765.7692307692308,3130.0000000000005,6048.974358974359,7312.6923076923085,6291.282051282052,5954.102564102564,2843.8461538461543
